{
  "code": 0,
  "cost": 0,
  "data": [
    {
      "content": "1",
      "id": 450847466900987461,
      "vectors": [
        0.039902933,
        -0.042509146,
        -6.2022154e-05
      ]
    }
  ]
}